Model,Train_RSS,Train_RMSE,Train_MAE,Train_R2,Test_RSS,Test_RMSE,Test_MAE,Test_R2,Fit_Status,CV_R2_mean,CV_R2_std
Random Forest (Bagging),384806.88409425603,8.412822964530292,6.78328427667091,0.8810820442090285,164382.1362042833,10.994053747242967,8.832763514095488,0.7883004886294369,Good fit (train & test scores are close),0.7909687537250464,0.012068867751053177
Gradient Boosting,613942.5080790117,10.626351697152622,8.684342916482139,0.810271616616778,170393.52694813808,11.193272892684316,9.098772592748727,0.780558719891561,Good fit (train & test scores are close),0.7886644943927708,0.011740972789987975
Support Vector Regressor,692918.5066982722,11.28915442667665,8.718256299947946,0.7858654412063282,182661.27400501288,11.589208786530838,9.148317777972673,0.7647597035414475,Good fit (train & test scores are close),0.7620913502029376,0.011038119302978858
AdaBoost,728757.5611567819,11.577422177561923,9.610192860473438,0.7747899972112999,188844.05126570753,11.783714187314388,9.758502464983561,0.7567972147015685,Good fit (train & test scores are close),0.7688236818079555,0.011094610049231016
Linear Regression,746656.6451094894,11.718736815578056,9.522111049755159,0.7692585928571469,189031.92338130786,11.789574263296585,9.58331615466187,0.7565552636234821,Good fit (train & test scores are close),0.7651561062398508,0.0110398922358565
Ridge Regression,746657.226550593,11.718741378420955,9.52228621718399,0.7692584131727642,189047.46197319546,11.790058810073708,9.583778426376115,0.7565352522500692,Good fit (train & test scores are close),0.7651636234655503,0.011037848398585003
Lasso Regression,746790.5950361,11.719787936967679,9.523121942100342,0.7692171979338509,189244.20110493538,11.796192091996298,9.586390136237316,0.7562818817864743,Good fit (train & test scores are close),0.76520820114488,0.0110142980155655
Decision Tree,583111.8889666668,10.356101102596837,8.305354483840187,0.8197992897228341,190005.70734741978,11.819901815663544,9.37300410729586,0.7553011760774353,Good fit (train & test scores are close),0.7630519716470306,0.008029981445131184
K-Nearest Neighbors,620018.2406183673,10.678802800288365,8.311796684095746,0.8083940158685131,200114.28185918368,12.130245434789162,9.537417016806723,0.7422828497908495,Good fit (train & test scores are close),0.7318013121172978,0.009204851603607163
